Index,Red,Green,Blue
0,0,0,0
1,0,0,18
2,0,1,25
3,0,1,31
4,0,1,36
5,0,2,40
6,0,2,44
7,0,2,47
8,0,3,51
9,0,3,54
10,0,3,57
11,0,4,59
12,0,4,62
13,0,4,64
14,0,4,67
15,0,5,69
16,0,5,71
17,0,5,74
18,0,6,76
19,0,6,78
20,0,6,80
21,0,7,82
22,0,7,83
23,0,7,85
24,0,8,87
25,0,8,89
26,0,8,90
27,0,9,92
28,0,9,94
29,0,9,95
30,0,10,97
31,0,10,98
32,0,10,100
33,0,11,101
34,0,11,103
35,0,11,104
36,0,11,106
37,0,12,107
38,0,12,108
39,0,12,110
40,0,13,111
41,0,13,112
42,0,13,114
43,0,14,115
44,0,14,116
45,0,14,118
46,0,15,119
47,0,15,120
48,0,15,121
49,0,16,122
50,0,16,123
51,0,16,125
52,0,17,126
53,0,17,127
54,0,17,128
55,0,18,129
56,0,18,130
57,0,18,131
58,0,18,132
59,0,19,133
60,0,19,134
61,0,19,135
62,0,20,136
63,0,20,137
64,0,20,138
65,0,21,139
66,0,21,140
67,0,21,141
68,0,22,142
69,0,22,143
70,0,22,144
71,0,23,145
72,0,23,146
73,0,23,147
74,0,24,148
75,0,24,149
76,0,24,150
77,0,25,150
78,0,25,151
79,0,25,152
80,0,26,153
81,0,26,154
82,0,26,155
83,0,26,156
84,0,27,156
85,0,27,157
86,0,27,158
87,0,28,159
88,0,28,160
89,0,28,160
90,0,29,161
91,0,29,162
92,0,29,163
93,0,30,163
94,0,30,164
95,0,30,165
96,0,31,166
97,0,31,166
98,0,31,167
99,0,32,168
100,0,32,169
101,0,32,169
102,0,33,170
103,0,33,171
104,0,33,172
105,0,33,172
106,0,34,173
107,0,34,174
108,0,34,174
109,0,35,175
110,0,35,176
111,0,35,176
112,0,36,177
113,0,36,178
114,0,36,178
115,0,37,179
116,0,37,180
117,0,37,180
118,0,38,181
119,0,38,181
120,0,38,182
121,0,39,183
122,0,39,183
123,0,39,184
124,0,40,185
125,0,40,185
126,0,40,186
127,0,40,186
128,0,41,187
129,0,41,188
130,0,41,188
131,0,42,189
132,0,42,189
133,0,42,190
134,0,43,190
135,0,43,191
136,0,43,192
137,0,44,192
138,0,44,193
139,0,44,193
140,0,45,194
141,0,45,194
142,0,45,195
143,0,46,195
144,0,46,196
145,0,46,196
146,0,47,197
147,0,47,198
148,0,47,198
149,0,47,199
150,0,48,199
151,0,48,200
152,0,48,200
153,0,49,201
154,0,49,201
155,0,49,202
156,0,50,202
157,0,50,203
158,0,50,203
159,0,51,204
160,0,51,204
161,0,51,204
162,0,52,205
163,0,52,205
164,0,52,206
165,0,53,206
166,0,53,207
167,0,53,207
168,0,54,208
169,0,54,208
170,0,54,209
171,0,55,209
172,0,55,210
173,0,55,210
174,0,55,210
175,0,56,211
176,0,56,211
177,0,56,212
178,0,57,212
179,0,57,213
180,0,57,213
181,0,58,213
182,0,58,214
183,0,58,214
184,0,59,215
185,0,59,215
186,0,59,215
187,0,60,216
188,0,60,216
189,0,60,217
190,0,61,217
191,0,61,217
192,0,61,218
193,0,62,218
194,0,62,219
195,0,62,219
196,0,62,219
197,0,63,220
198,0,63,220
199,0,63,220
200,0,64,221
201,0,64,221
202,0,64,222
203,0,65,222
204,0,65,222
205,0,65,223
206,0,66,223
207,0,66,223
208,0,66,224
209,0,67,224
210,0,67,224
211,0,67,225
212,0,68,225
213,0,68,225
214,0,68,226
215,0,69,226
216,0,69,226
217,0,69,227
218,0,69,227
219,0,70,227
220,0,70,228
221,0,70,228
222,0,71,228
223,0,71,229
224,0,71,229
225,0,72,229
226,0,72,230
227,0,72,230
228,0,73,230
229,0,73,231
230,0,73,231
231,0,74,231
232,0,74,231
233,0,74,232
234,0,75,232
235,0,75,232
236,0,75,233
237,0,76,233
238,0,76,233
239,0,76,233
240,0,77,234
241,0,77,234
242,0,77,234
243,0,77,235
244,0,78,235
245,0,78,235
246,0,78,235
247,0,79,236
248,0,79,236
249,0,79,236
250,0,80,236
251,0,80,237
252,0,80,237
253,0,81,237
254,0,81,237
255,0,81,238
256,0,82,238
257,0,82,238
258,0,82,238
259,0,83,239
260,0,83,239
261,0,83,239
262,0,84,239
263,0,84,240
264,0,84,240
265,0,84,240
266,0,85,240
267,0,85,240
268,0,85,241
269,0,86,241
270,0,86,241
271,0,86,241
272,0,87,242
273,0,87,242
274,0,87,242
275,0,88,242
276,0,88,242
277,0,88,243
278,0,89,243
279,0,89,243
280,0,89,243
281,0,90,243
282,0,90,244
283,0,90,244
284,0,91,244
285,0,91,244
286,0,91,244
287,0,91,245
288,0,92,245
289,0,92,245
290,0,92,245
291,0,93,245
292,0,93,246
293,0,93,246
294,0,94,246
295,0,94,246
296,0,94,246
297,0,95,246
298,0,95,247
299,0,95,247
300,0,96,247
301,0,96,247
302,0,96,247
303,0,97,247
304,0,97,248
305,0,97,248
306,0,98,248
307,0,98,248
308,0,98,248
309,0,98,248
310,0,99,248
311,0,99,249
312,0,99,249
313,0,100,249
314,0,100,249
315,0,100,249
316,0,101,249
317,0,101,249
318,0,101,250
319,0,102,250
320,0,102,250
321,0,102,250
322,0,103,250
323,0,103,250
324,0,103,250
325,0,104,250
326,0,104,251
327,0,104,251
328,0,105,251
329,0,105,251
330,0,105,251
331,0,106,251
332,0,106,251
333,0,106,251
334,0,106,252
335,0,107,252
336,0,107,252
337,0,107,252
338,0,108,252
339,0,108,252
340,0,108,252
341,0,109,252
342,0,109,252
343,0,109,252
344,0,110,252
345,0,110,253
346,0,110,253
347,0,111,253
348,0,111,253
349,0,111,253
350,0,112,253
351,0,112,253
352,0,112,253
353,0,113,253
354,0,113,253
355,0,113,253
356,0,113,253
357,0,114,254
358,0,114,254
359,0,114,254
360,0,115,254
361,0,115,254
362,0,115,254
363,0,116,254
364,0,116,254
365,0,116,254
366,0,117,254
367,0,117,254
368,0,117,254
369,0,118,254
370,0,118,254
371,0,118,254
372,0,119,254
373,0,119,254
374,0,119,254
375,0,120,255
376,0,120,255
377,0,120,255
378,0,120,255
379,0,121,255
380,0,121,255
381,0,121,255
382,0,122,255
383,0,122,255
384,0,122,255
385,0,123,255
386,0,123,255
387,0,123,255
388,0,124,255
389,0,124,255
390,0,124,255
391,0,125,255
392,0,125,255
393,0,125,255
394,0,126,255
395,0,126,255
396,0,126,255
397,0,127,255
398,0,127,255
399,0,127,255
400,0,128,255
401,0,128,255
402,0,129,255
403,0,129,255
404,0,130,255
405,0,130,255
406,0,131,255
407,0,131,255
408,0,132,255
409,0,132,255
410,0,133,255
411,0,133,255
412,0,134,255
413,0,134,255
414,0,134,255
415,0,135,255
416,0,135,255
417,0,136,255
418,0,136,255
419,0,136,255
420,0,137,255
421,0,137,255
422,0,137,255
423,0,138,255
424,0,138,255
425,0,139,255
426,0,139,255
427,0,139,255
428,0,140,255
429,0,140,255
430,0,140,255
431,0,141,255
432,0,141,255
433,0,141,254
434,0,142,254
435,0,142,254
436,0,142,254
437,0,143,254
438,0,143,254
439,0,143,254
440,0,144,254
441,0,144,254
442,0,144,254
443,0,145,254
444,0,145,254
445,0,145,254
446,0,146,254
447,0,146,254
448,0,146,254
449,0,147,254
450,0,147,254
451,0,147,254
452,0,148,254
453,0,148,254
454,0,148,254
455,0,148,254
456,0,149,254
457,0,149,254
458,0,149,254
459,0,150,254
460,0,150,254
461,0,150,254
462,0,151,254
463,0,151,253
464,0,151,253
465,0,152,253
466,0,152,253
467,0,152,253
468,0,152,253
469,0,153,253
470,0,153,253
471,0,153,253
472,0,154,253
473,0,154,253
474,0,154,253
475,0,154,253
476,0,155,253
477,0,155,253
478,0,155,253
479,0,156,253
480,0,156,253
481,0,156,253
482,0,156,253
483,0,157,253
484,0,157,253
485,0,157,252
486,0,158,252
487,0,158,252
488,0,158,252
489,0,158,252
490,0,159,252
491,0,159,252
492,0,159,252
493,0,159,252
494,0,160,252
495,0,160,252
496,0,160,252
497,0,160,252
498,0,161,252
499,0,161,252
500,0,161,252
501,0,162,252
502,0,162,252
503,0,162,252
504,0,162,251
505,0,163,251
506,0,163,251
507,0,163,251
508,0,163,251
509,0,164,251
510,0,164,251
511,0,164,251
512,0,164,251
513,0,165,251
514,0,165,251
515,0,165,251
516,0,165,251
517,0,166,251
518,0,166,251
519,0,166,251
520,0,166,251
521,0,167,250
522,0,167,250
523,0,167,250
524,0,167,250
525,0,168,250
526,0,168,250
527,0,168,250
528,0,168,250
529,0,169,250
530,0,169,250
531,0,169,250
532,0,169,250
533,0,170,250
534,0,170,250
535,0,170,250
536,0,170,250
537,0,171,249
538,0,171,249
539,0,171,249
540,0,171,249
541,0,172,249
542,0,172,249
543,0,172,249
544,0,172,249
545,0,173,249
546,0,173,249
547,0,173,249
548,0,173,249
549,0,173,249
550,0,174,249
551,0,174,248
552,0,174,248
553,0,174,248
554,0,175,248
555,0,175,248
556,0,175,248
557,0,175,248
558,0,176,248
559,0,176,248
560,0,176,248
561,0,176,248
562,0,176,248
563,0,177,248
564,0,177,248
565,0,177,247
566,0,177,247
567,0,178,247
568,0,178,247
569,0,178,247
570,0,178,247
571,0,178,247
572,0,179,247
573,0,179,247
574,0,179,247
575,0,179,247
576,0,180,247
577,0,180,247
578,0,180,246
579,0,180,246
580,0,180,246
581,0,181,246
582,0,181,246
583,0,181,246
584,0,181,246
585,0,182,246
586,0,182,246
587,0,182,246
588,0,182,246
589,0,182,246
590,0,183,245
591,0,183,245
592,0,183,245
593,0,183,245
594,0,183,245
595,0,184,245
596,0,184,245
597,0,184,245
598,0,184,245
599,0,184,245
600,0,185,245
601,0,185,245
602,0,185,244
603,0,185,244
604,0,186,244
605,0,186,244
606,0,186,244
607,0,186,244
608,0,186,244
609,0,187,244
610,0,187,244
611,0,187,244
612,0,187,244
613,0,187,243
614,0,188,243
615,0,188,243
616,0,188,243
617,0,188,243
618,0,188,243
619,0,189,243
620,0,189,243
621,0,189,243
622,0,189,243
623,0,189,243
624,0,190,242
625,0,190,242
626,0,190,242
627,0,190,242
628,0,190,242
629,0,191,242
630,0,191,242
631,0,191,242
632,0,191,242
633,0,191,242
634,0,192,242
635,0,192,241
636,0,192,241
637,0,192,241
638,0,192,241
639,0,192,241
640,0,193,241
641,0,193,241
642,0,193,241
643,0,193,241
644,0,193,241
645,0,194,241
646,0,194,240
647,0,194,240
648,0,194,240
649,0,194,240
650,0,195,240
651,0,195,240
652,0,195,240
653,0,195,240
654,0,195,240
655,0,196,240
656,0,196,239
657,0,196,239
658,0,196,239
659,0,196,239
660,0,196,239
661,0,197,239
662,0,197,239
663,0,197,239
664,0,197,239
665,0,197,239
666,0,198,238
667,0,198,238
668,0,198,238
669,0,198,238
670,0,198,238
671,0,198,238
672,0,199,238
673,0,199,238
674,0,199,238
675,0,199,237
676,0,199,237
677,0,200,237
678,0,200,237
679,0,200,237
680,0,200,237
681,0,200,237
682,0,200,237
683,0,201,237
684,0,201,237
685,0,201,236
686,0,201,236
687,0,201,236
688,0,201,236
689,0,202,236
690,0,202,236
691,0,202,236
692,0,202,236
693,0,202,236
694,0,202,235
695,0,203,235
696,0,203,235
697,0,203,235
698,0,203,235
699,0,203,235
700,0,204,235
701,0,204,235
702,0,204,235
703,0,204,234
704,0,204,234
705,0,204,234
706,0,205,234
707,0,205,234
708,0,205,234
709,0,205,234
710,0,205,234
711,0,205,234
712,0,206,233
713,0,206,233
714,0,206,233
715,0,206,233
716,0,206,233
717,0,206,233
718,0,206,233
719,0,207,233
720,0,207,233
721,0,207,232
722,0,207,232
723,0,207,232
724,0,207,232
725,0,208,232
726,0,208,232
727,0,208,232
728,0,208,232
729,0,208,232
730,0,208,231
731,0,209,231
732,0,209,231
733,0,209,231
734,0,209,231
735,0,209,231
736,0,209,231
737,0,210,231
738,0,210,231
739,0,210,230
740,0,210,230
741,0,210,230
742,0,210,230
743,0,210,230
744,0,211,230
745,0,211,230
746,0,211,230
747,0,211,229
748,0,211,229
749,0,211,229
750,0,212,229
751,0,212,229
752,0,212,229
753,0,212,229
754,0,212,229
755,0,212,228
756,0,212,228
757,0,213,228
758,0,213,228
759,0,213,228
760,0,213,228
761,0,213,228
762,0,213,228
763,0,213,228
764,0,214,227
765,0,214,227
766,0,214,227
767,0,214,227
768,0,214,227
769,0,214,227
770,0,215,227
771,0,215,227
772,0,215,226
773,0,215,226
774,0,215,226
775,0,215,226
776,0,215,226
777,0,216,226
778,0,216,226
779,0,216,226
780,0,216,225
781,0,216,225
782,0,216,225
783,0,216,225
784,0,217,225
785,0,217,225
786,0,217,225
787,0,217,225
788,0,217,224
789,0,217,224
790,0,217,224
791,0,218,224
792,0,218,224
793,0,218,224
794,0,218,224
795,0,218,223
796,0,218,223
797,0,218,223
798,0,218,223
799,0,219,223
800,0,219,223
801,0,219,223
802,0,219,223
803,0,219,222
804,0,219,222
805,0,219,222
806,0,220,222
807,0,220,222
808,0,220,222
809,0,220,222
810,0,220,222
811,0,220,221
812,0,220,221
813,0,221,221
814,0,221,221
815,0,221,221
816,0,221,221
817,0,221,221
818,1,221,220
819,1,221,220
820,1,221,220
821,1,222,220
822,2,222,220
823,2,222,220
824,2,222,220
825,3,222,220
826,3,222,219
827,3,222,219
828,3,222,219
829,4,223,219
830,4,223,219
831,4,223,219
832,4,223,219
833,5,223,218
834,5,223,218
835,5,223,218
836,5,224,218
837,6,224,218
838,6,224,218
839,6,224,218
840,6,224,218
841,7,224,217
842,7,224,217
843,7,224,217
844,8,225,217
845,8,225,217
846,8,225,217
847,8,225,217
848,9,225,216
849,9,225,216
850,9,225,216
851,9,225,216
852,10,225,216
853,10,226,216
854,10,226,216
855,10,226,215
856,11,226,215
857,11,226,215
858,11,226,215
859,11,226,215
860,12,226,215
861,12,227,215
862,12,227,214
863,12,227,214
864,13,227,214
865,13,227,214
866,13,227,214
867,13,227,214
868,14,227,214
869,14,228,214
870,14,228,213
871,15,228,213
872,15,228,213
873,15,228,213
874,15,228,213
875,16,228,213
876,16,228,213
877,16,228,212
878,16,229,212
879,17,229,212
880,17,229,212
881,17,229,212
882,17,229,212
883,18,229,212
884,18,229,211
885,18,229,211
886,18,229,211
887,19,230,211
888,19,230,211
889,19,230,211
890,19,230,211
891,20,230,210
892,20,230,210
893,20,230,210
894,20,230,210
895,21,230,210
896,21,231,210
897,21,231,209
898,21,231,209
899,22,231,209
900,22,231,209
901,22,231,209
902,22,231,209
903,23,231,209
904,23,231,208
905,23,232,208
906,23,232,208
907,24,232,208
908,24,232,208
909,24,232,208
910,24,232,208
911,25,232,207
912,25,232,207
913,25,232,207
914,25,232,207
915,26,233,207
916,26,233,207
917,26,233,207
918,26,233,206
919,27,233,206
920,27,233,206
921,27,233,206
922,27,233,206
923,28,233,206
924,28,233,206
925,28,234,205
926,28,234,205
927,29,234,205
928,29,234,205
929,29,234,205
930,29,234,205
931,30,234,204
932,30,234,204
933,30,234,204
934,30,235,204
935,31,235,204
936,31,235,204
937,31,235,204
938,31,235,203
939,32,235,203
940,32,235,203
941,32,235,203
942,32,235,203
943,33,235,203
944,33,235,202
945,33,236,202
946,33,236,202
947,34,236,202
948,34,236,202
949,34,236,202
950,34,236,202
951,35,236,201
952,35,236,201
953,35,236,201
954,35,236,201
955,36,237,201
956,36,237,201
957,36,237,200
958,36,237,200
959,37,237,200
960,37,237,200
961,37,237,200
962,37,237,200
963,38,237,200
964,38,237,199
965,38,237,199
966,38,238,199
967,39,238,199
968,39,238,199
969,39,238,199
970,39,238,198
971,40,238,198
972,40,238,198
973,40,238,198
974,40,238,198
975,41,238,198
976,41,238,198
977,41,239,197
978,41,239,197
979,42,239,197
980,42,239,197
981,42,239,197
982,42,239,197
983,43,239,196
984,43,239,196
985,43,239,196
986,43,239,196
987,44,239,196
988,44,239,196
989,44,240,195
990,44,240,195
991,45,240,195
992,45,240,195
993,45,240,195
994,45,240,195
995,46,240,195
996,46,240,194
997,46,240,194
998,46,240,194
999,46,240,194
1000,47,240,194
1001,47,241,194
1002,47,241,193
1003,47,241,193
1004,48,241,193
1005,48,241,193
1006,48,241,193
1007,48,241,193
1008,49,241,192
1009,49,241,192
1010,49,241,192
1011,49,241,192
1012,50,241,192
1013,50,241,192
1014,50,242,191
1015,50,242,191
1016,51,242,191
1017,51,242,191
1018,51,242,191
1019,51,242,191
1020,52,242,191
1021,52,242,190
1022,52,242,190
1023,52,242,190
1024,52,242,190
1025,53,242,190
1026,53,242,190
1027,53,243,189
1028,53,243,189
1029,54,243,189
1030,54,243,189
1031,54,243,189
1032,54,243,189
1033,55,243,188
1034,55,243,188
1035,55,243,188
1036,55,243,188
1037,56,243,188
1038,56,243,188
1039,56,243,187
1040,56,244,187
1041,57,244,187
1042,57,244,187
1043,57,244,187
1044,57,244,187
1045,57,244,186
1046,58,244,186
1047,58,244,186
1048,58,244,186
1049,58,244,186
1050,59,244,186
1051,59,244,185
1052,59,244,185
1053,59,244,185
1054,60,245,185
1055,60,245,185
1056,60,245,185
1057,60,245,184
1058,61,245,184
1059,61,245,184
1060,61,245,184
1061,61,245,184
1062,61,245,184
1063,62,245,183
1064,62,245,183
1065,62,245,183
1066,62,245,183
1067,63,245,183
1068,63,245,183
1069,63,246,182
1070,63,246,182
1071,64,246,182
1072,64,246,182
1073,64,246,182
1074,64,246,182
1075,64,246,181
1076,65,246,181
1077,65,246,181
1078,65,246,181
1079,65,246,181
1080,66,246,181
1081,66,246,180
1082,66,246,180
1083,66,246,180
1084,67,246,180
1085,67,247,180
1086,67,247,180
1087,67,247,179
1088,67,247,179
1089,68,247,179
1090,68,247,179
1091,68,247,179
1092,68,247,179
1093,69,247,178
1094,69,247,178
1095,69,247,178
1096,69,247,178
1097,70,247,178
1098,70,247,178
1099,70,247,177
1100,70,247,177
1101,70,247,177
1102,71,248,177
1103,71,248,177
1104,71,248,176
1105,71,248,176
1106,72,248,176
1107,72,248,176
1108,72,248,176
1109,72,248,176
1110,73,248,175
1111,73,248,175
1112,73,248,175
1113,73,248,175
1114,73,248,175
1115,74,248,175
1116,74,248,174
1117,74,248,174
1118,74,248,174
1119,75,248,174
1120,75,249,174
1121,75,249,174
1122,75,249,173
1123,75,249,173
1124,76,249,173
1125,76,249,173
1126,76,249,173
1127,76,249,173
1128,77,249,172
1129,77,249,172
1130,77,249,172
1131,77,249,172
1132,77,249,172
1133,78,249,171
1134,78,249,171
1135,78,249,171
1136,78,249,171
1137,79,249,171
1138,79,249,171
1139,79,249,170
1140,79,250,170
1141,79,250,170
1142,80,250,170
1143,80,250,170
1144,80,250,170
1145,80,250,169
1146,81,250,169
1147,81,250,169
1148,81,250,169
1149,81,250,169
1150,81,250,169
1151,82,250,168
1152,82,250,168
1153,82,250,168
1154,82,250,168
1155,83,250,168
1156,83,250,167
1157,83,250,167
1158,83,250,167
1159,83,250,167
1160,84,250,167
1161,84,250,167
1162,84,251,166
1163,84,251,166
1164,85,251,166
1165,85,251,166
1166,85,251,166
1167,85,251,166
1168,85,251,165
1169,86,251,165
1170,86,251,165
1171,86,251,165
1172,86,251,165
1173,87,251,164
1174,87,251,164
1175,87,251,164
1176,87,251,164
1177,87,251,164
1178,88,251,164
1179,88,251,163
1180,88,251,163
1181,88,251,163
1182,89,251,163
1183,89,251,163
1184,89,251,162
1185,89,251,162
1186,89,252,162
1187,90,252,162
1188,90,252,162
1189,90,252,162
1190,90,252,161
1191,90,252,161
1192,91,252,161
1193,91,252,161
1194,91,252,161
1195,91,252,161
1196,92,252,160
1197,92,252,160
1198,92,252,160
1199,92,252,160
1200,92,252,160
1201,93,252,159
1202,93,252,159
1203,93,252,159
1204,93,252,159
1205,94,252,159
1206,94,252,159
1207,94,252,158
1208,94,252,158
1209,94,252,158
1210,95,252,158
1211,95,252,158
1212,95,252,157
1213,95,252,157
1214,95,253,157
1215,96,253,157
1216,96,253,157
1217,96,253,157
1218,96,253,156
1219,96,253,156
1220,97,253,156
1221,97,253,156
1222,97,253,156
1223,97,253,155
1224,98,253,155
1225,98,253,155
1226,98,253,155
1227,98,253,155
1228,98,253,155
1229,99,253,154
1230,99,253,154
1231,99,253,154
1232,99,253,154
1233,99,253,154
1234,100,253,153
1235,100,253,153
1236,100,253,153
1237,100,253,153
1238,101,253,153
1239,101,253,153
1240,101,253,152
1241,101,253,152
1242,101,253,152
1243,102,253,152
1244,102,253,152
1245,102,253,151
1246,102,253,151
1247,102,253,151
1248,103,253,151
1249,103,253,151
1250,103,254,151
1251,103,254,150
1252,103,254,150
1253,104,254,150
1254,104,254,150
1255,104,254,150
1256,104,254,149
1257,104,254,149
1258,105,254,149
1259,105,254,149
1260,105,254,149
1261,105,254,148
1262,106,254,148
1263,106,254,148
1264,106,254,148
1265,106,254,148
1266,106,254,148
1267,107,254,147
1268,107,254,147
1269,107,254,147
1270,107,254,147
1271,107,254,147
1272,108,254,146
1273,108,254,146
1274,108,254,146
1275,108,254,146
1276,108,254,146
1277,109,254,146
1278,109,254,145
1279,109,254,145
1280,109,254,145
1281,109,254,145
1282,110,254,145
1283,110,254,144
1284,110,254,144
1285,110,254,144
1286,110,254,144
1287,111,254,144
1288,111,254,143
1289,111,254,143
1290,111,254,143
1291,111,254,143
1292,112,254,143
1293,112,254,143
1294,112,254,142
1295,112,254,142
1296,112,254,142
1297,113,254,142
1298,113,254,142
1299,113,254,141
1300,113,254,141
1301,113,255,141
1302,114,255,141
1303,114,255,141
1304,114,255,140
1305,114,255,140
1306,114,255,140
1307,115,255,140
1308,115,255,140
1309,115,255,140
1310,115,255,139
1311,115,255,139
1312,116,255,139
1313,116,255,139
1314,116,255,139
1315,116,255,138
1316,116,255,138
1317,117,255,138
1318,117,255,138
1319,117,255,138
1320,117,255,137
1321,117,255,137
1322,118,255,137
1323,118,255,137
1324,118,255,137
1325,118,255,137
1326,118,255,136
1327,119,255,136
1328,119,255,136
1329,119,255,136
1330,119,255,136
1331,119,255,135
1332,120,255,135
1333,120,255,135
1334,120,255,135
1335,120,255,135
1336,120,255,134
1337,121,255,134
1338,121,255,134
1339,121,255,134
1340,121,255,134
1341,121,255,133
1342,122,255,133
1343,122,255,133
1344,122,255,133
1345,122,255,133
1346,122,255,133
1347,123,255,132
1348,123,255,132
1349,123,255,132
1350,123,255,132
1351,123,255,132
1352,124,255,131
1353,124,255,131
1354,124,255,131
1355,124,255,131
1356,124,255,131
1357,125,255,130
1358,125,255,130
1359,125,255,130
1360,125,255,130
1361,125,255,130
1362,125,255,130
1363,126,255,129
1364,126,255,129
1365,126,255,129
1366,126,255,129
1367,126,255,129
1368,127,255,128
1369,127,255,128
1370,127,255,128
1371,127,255,128
1372,127,255,128
1373,128,255,127
1374,128,255,127
1375,128,255,127
1376,128,255,127
1377,128,255,127
1378,129,255,126
1379,129,255,126
1380,129,255,126
1381,129,255,126
1382,129,255,126
1383,130,255,125
1384,130,255,125
1385,130,255,125
1386,130,255,125
1387,130,255,125
1388,130,255,125
1389,131,255,124
1390,131,255,124
1391,131,255,124
1392,131,255,124
1393,131,255,124
1394,132,255,123
1395,132,255,123
1396,132,255,123
1397,132,255,123
1398,132,255,123
1399,133,255,122
1400,133,255,122
1401,133,255,122
1402,133,255,122
1403,133,255,122
1404,133,255,121
1405,134,255,121
1406,134,255,121
1407,134,255,121
1408,134,255,121
1409,134,255,120
1410,135,255,120
1411,135,255,120
1412,135,255,120
1413,135,255,120
1414,135,255,120
1415,135,255,119
1416,136,255,119
1417,136,255,119
1418,136,255,119
1419,136,255,119
1420,136,255,118
1421,137,255,118
1422,137,255,118
1423,137,255,118
1424,137,255,118
1425,137,255,117
1426,138,255,117
1427,138,255,117
1428,138,255,117
1429,138,255,117
1430,138,255,116
1431,138,255,116
1432,139,255,116
1433,139,255,116
1434,139,255,116
1435,139,255,115
1436,139,255,115
1437,140,255,115
1438,140,255,115
1439,140,255,115
1440,140,255,114
1441,140,255,114
1442,140,255,114
1443,141,255,114
1444,141,255,114
1445,141,255,114
1446,141,254,113
1447,141,254,113
1448,142,254,113
1449,142,254,113
1450,142,254,113
1451,142,254,112
1452,142,254,112
1453,142,254,112
1454,143,254,112
1455,143,254,112
1456,143,254,111
1457,143,254,111
1458,143,254,111
1459,144,254,111
1460,144,254,111
1461,144,254,110
1462,144,254,110
1463,144,254,110
1464,144,254,110
1465,145,254,110
1466,145,254,109
1467,145,254,109
1468,145,254,109
1469,145,254,109
1470,145,254,109
1471,146,254,108
1472,146,254,108
1473,146,254,108
1474,146,254,108
1475,146,254,108
1476,147,254,107
1477,147,254,107
1478,147,254,107
1479,147,254,107
1480,147,254,107
1481,147,254,107
1482,148,254,106
1483,148,254,106
1484,148,254,106
1485,148,254,106
1486,148,254,106
1487,148,254,105
1488,149,254,105
1489,149,254,105
1490,149,254,105
1491,149,254,105
1492,149,254,104
1493,149,254,104
1494,150,254,104
1495,150,254,104
1496,150,254,104
1497,150,254,103
1498,150,254,103
1499,151,254,103
1500,151,253,103
1501,151,253,103
1502,151,253,102
1503,151,253,102
1504,151,253,102
1505,152,253,102
1506,152,253,102
1507,152,253,101
1508,152,253,101
1509,152,253,101
1510,152,253,101
1511,153,253,101
1512,153,253,100
1513,153,253,100
1514,153,253,100
1515,153,253,100
1516,153,253,100
1517,154,253,99
1518,154,253,99
1519,154,253,99
1520,154,253,99
1521,154,253,99
1522,154,253,98
1523,155,253,98
1524,155,253,98
1525,155,253,98
1526,155,253,98
1527,155,253,97
1528,155,253,97
1529,156,253,97
1530,156,253,97
1531,156,253,97
1532,156,253,97
1533,156,253,96
1534,156,253,96
1535,157,253,96
1536,157,253,96
1537,157,253,96
1538,157,252,95
1539,157,252,95
1540,157,252,95
1541,158,252,95
1542,158,252,95
1543,158,252,94
1544,158,252,94
1545,158,252,94
1546,158,252,94
1547,159,252,94
1548,159,252,93
1549,159,252,93
1550,159,252,93
1551,159,252,93
1552,159,252,93
1553,160,252,92
1554,160,252,92
1555,160,252,92
1556,160,252,92
1557,160,252,92
1558,160,252,91
1559,161,252,91
1560,161,252,91
1561,161,252,91
1562,161,252,91
1563,161,252,90
1564,161,252,90
1565,162,252,90
1566,162,252,90
1567,162,252,90
1568,162,252,89
1569,162,251,89
1570,162,251,89
1571,163,251,89
1572,163,251,89
1573,163,251,88
1574,163,251,88
1575,163,251,88
1576,163,251,88
1577,164,251,88
1578,164,251,87
1579,164,251,87
1580,164,251,87
1581,164,251,87
1582,164,251,87
1583,165,251,86
1584,165,251,86
1585,165,251,86
1586,165,251,86
1587,165,251,86
1588,165,251,85
1589,165,251,85
1590,166,251,85
1591,166,251,85
1592,166,251,85
1593,166,251,84
1594,166,251,84
1595,166,251,84
1596,167,250,84
1597,167,250,84
1598,167,250,83
1599,167,250,83
1600,167,250,83
1601,167,250,83
1602,168,250,83
1603,168,250,82
1604,168,250,82
1605,168,250,82
1606,168,250,82
1607,168,250,82
1608,169,250,81
1609,169,250,81
1610,169,250,81
1611,169,250,81
1612,169,250,81
1613,169,250,81
1614,169,250,80
1615,170,250,80
1616,170,250,80
1617,170,250,80
1618,170,250,80
1619,170,250,79
1620,170,249,79
1621,171,249,79
1622,171,249,79
1623,171,249,79
1624,171,249,78
1625,171,249,78
1626,171,249,78
1627,171,249,78
1628,172,249,78
1629,172,249,77
1630,172,249,77
1631,172,249,77
1632,172,249,77
1633,172,249,77
1634,173,249,76
1635,173,249,76
1636,173,249,76
1637,173,249,76
1638,173,249,76
1639,173,249,75
1640,173,249,75
1641,174,249,75
1642,174,249,75
1643,174,248,75
1644,174,248,74
1645,174,248,74
1646,174,248,74
1647,175,248,74
1648,175,248,74
1649,175,248,73
1650,175,248,73
1651,175,248,73
1652,175,248,73
1653,175,248,73
1654,176,248,72
1655,176,248,72
1656,176,248,72
1657,176,248,72
1658,176,248,72
1659,176,248,71
1660,176,248,71
1661,177,248,71
1662,177,248,71
1663,177,248,71
1664,177,247,70
1665,177,247,70
1666,177,247,70
1667,177,247,70
1668,178,247,70
1669,178,247,69
1670,178,247,69
1671,178,247,69
1672,178,247,69
1673,178,247,69
1674,179,247,68
1675,179,247,68
1676,179,247,68
1677,179,247,68
1678,179,247,68
1679,179,247,67
1680,179,247,67
1681,180,247,67
1682,180,247,67
1683,180,246,67
1684,180,246,66
1685,180,246,66
1686,180,246,66
1687,180,246,66
1688,181,246,66
1689,181,246,65
1690,181,246,65
1691,181,246,65
1692,181,246,65
1693,181,246,65
1694,181,246,64
1695,182,246,64
1696,182,246,64
1697,182,246,64
1698,182,246,64
1699,182,246,63
1700,182,246,63
1701,182,246,63
1702,183,245,63
1703,183,245,63
1704,183,245,62
1705,183,245,62
1706,183,245,62
1707,183,245,62
1708,183,245,62
1709,184,245,61
1710,184,245,61
1711,184,245,61
1712,184,245,61
1713,184,245,61
1714,184,245,60
1715,184,245,60
1716,185,245,60
1717,185,245,60
1718,185,245,60
1719,185,244,59
1720,185,244,59
1721,185,244,59
1722,185,244,59
1723,186,244,59
1724,186,244,59
1725,186,244,58
1726,186,244,58
1727,186,244,58
1728,186,244,58
1729,186,244,58
1730,187,244,57
1731,187,244,57
1732,187,244,57
1733,187,244,57
1734,187,244,57
1735,187,244,56
1736,187,243,56
1737,187,243,56
1738,188,243,56
1739,188,243,56
1740,188,243,55
1741,188,243,55
1742,188,243,55
1743,188,243,55
1744,188,243,55
1745,189,243,54
1746,189,243,54
1747,189,243,54
1748,189,243,54
1749,189,243,54
1750,189,243,53
1751,189,243,53
1752,190,242,53
1753,190,242,53
1754,190,242,53
1755,190,242,52
1756,190,242,52
1757,190,242,52
1758,190,242,52
1759,190,242,52
1760,191,242,51
1761,191,242,51
1762,191,242,51
1763,191,242,51
1764,191,242,51
1765,191,242,50
1766,191,242,50
1767,192,242,50
1768,192,241,50
1769,192,241,50
1770,192,241,49
1771,192,241,49
1772,192,241,49
1773,192,241,49
1774,192,241,49
1775,193,241,48
1776,193,241,48
1777,193,241,48
1778,193,241,48
1779,193,241,48
1780,193,241,47
1781,193,241,47
1782,194,241,47
1783,194,240,47
1784,194,240,47
1785,194,240,46
1786,194,240,46
1787,194,240,46
1788,194,240,46
1789,194,240,46
1790,195,240,45
1791,195,240,45
1792,195,240,45
1793,195,240,45
1794,195,240,45
1795,195,240,44
1796,195,240,44
1797,195,240,44
1798,196,239,44
1799,196,239,44
1800,196,239,43
1801,196,239,43
1802,196,239,43
1803,196,239,43
1804,196,239,43
1805,197,239,42
1806,197,239,42
1807,197,239,42
1808,197,239,42
1809,197,239,42
1810,197,239,41
1811,197,239,41
1812,197,238,41
1813,198,238,41
1814,198,238,41
1815,198,238,40
1816,198,238,40
1817,198,238,40
1818,198,238,40
1819,198,238,40
1820,198,238,40
1821,199,238,39
1822,199,238,39
1823,199,238,39
1824,199,238,39
1825,199,238,39
1826,199,237,38
1827,199,237,38
1828,199,237,38
1829,200,237,38
1830,200,237,38
1831,200,237,37
1832,200,237,37
1833,200,237,37
1834,200,237,37
1835,200,237,37
1836,200,237,36
1837,201,237,36
1838,201,237,36
1839,201,237,36
1840,201,236,36
1841,201,236,35
1842,201,236,35
1843,201,236,35
1844,201,236,35
1845,202,236,35
1846,202,236,34
1847,202,236,34
1848,202,236,34
1849,202,236,34
1850,202,236,34
1851,202,236,33
1852,202,236,33
1853,202,235,33
1854,203,235,33
1855,203,235,33
1856,203,235,32
1857,203,235,32
1858,203,235,32
1859,203,235,32
1860,203,235,32
1861,203,235,31
1862,204,235,31
1863,204,235,31
1864,204,235,31
1865,204,235,31
1866,204,234,30
1867,204,234,30
1868,204,234,30
1869,204,234,30
1870,204,234,30
1871,205,234,29
1872,205,234,29
1873,205,234,29
1874,205,234,29
1875,205,234,29
1876,205,234,29
1877,205,234,28
1878,205,234,28
1879,206,233,28
1880,206,233,28
1881,206,233,28
1882,206,233,27
1883,206,233,27
1884,206,233,27
1885,206,233,27
1886,206,233,27
1887,206,233,26
1888,207,233,26
1889,207,233,26
1890,207,233,26
1891,207,233,26
1892,207,232,25
1893,207,232,25
1894,207,232,25
1895,207,232,25
1896,208,232,25
1897,208,232,24
1898,208,232,24
1899,208,232,24
1900,208,232,24
1901,208,232,24
1902,208,232,23
1903,208,232,23
1904,208,231,23
1905,209,231,23
1906,209,231,23
1907,209,231,22
1908,209,231,22
1909,209,231,22
1910,209,231,22
1911,209,231,22
1912,209,231,21
1913,209,231,21
1914,210,231,21
1915,210,231,21
1916,210,230,21
1917,210,230,20
1918,210,230,20
1919,210,230,20
1920,210,230,20
1921,210,230,20
1922,210,230,20
1923,211,230,19
1924,211,230,19
1925,211,230,19
1926,211,230,19
1927,211,230,19
1928,211,229,18
1929,211,229,18
1930,211,229,18
1931,211,229,18
1932,212,229,18
1933,212,229,17
1934,212,229,17
1935,212,229,17
1936,212,229,17
1937,212,229,17
1938,212,229,16
1939,212,228,16
1940,212,228,16
1941,212,228,16
1942,213,228,16
1943,213,228,15
1944,213,228,15
1945,213,228,15
1946,213,228,15
1947,213,228,15
1948,213,228,14
1949,213,228,14
1950,213,228,14
1951,214,227,14
1952,214,227,14
1953,214,227,13
1954,214,227,13
1955,214,227,13
1956,214,227,13
1957,214,227,13
1958,214,227,13
1959,214,227,12
1960,215,227,12
1961,215,227,12
1962,215,226,12
1963,215,226,12
1964,215,226,11
1965,215,226,11
1966,215,226,11
1967,215,226,11
1968,215,226,11
1969,215,226,10
1970,216,226,10
1971,216,226,10
1972,216,226,10
1973,216,225,10
1974,216,225,9
1975,216,225,9
1976,216,225,9
1977,216,225,9
1978,216,225,9
1979,216,225,8
1980,217,225,8
1981,217,225,8
1982,217,225,8
1983,217,225,8
1984,217,224,8
1985,217,224,7
1986,217,224,7
1987,217,224,7
1988,217,224,7
1989,217,224,7
1990,218,224,6
1991,218,224,6
1992,218,224,6
1993,218,224,6
1994,218,224,6
1995,218,223,5
1996,218,223,5
1997,218,223,5
1998,218,223,5
1999,218,223,5
2000,219,223,4
2001,219,223,4
2002,219,223,4
2003,219,223,4
2004,219,223,4
2005,219,223,3
2006,219,222,3
2007,219,222,3
2008,219,222,3
2009,219,222,3
2010,220,222,3
2011,220,222,2
2012,220,222,2
2013,220,222,2
2014,220,222,2
2015,220,222,2
2016,220,222,1
2017,220,221,1
2018,220,221,1
2019,220,221,1
2020,221,221,1
2021,221,221,0
2022,221,221,0
2023,221,221,0
2024,221,221,0
2025,221,221,0
2026,221,221,1
2027,221,220,1
2028,221,220,1
2029,221,220,1
2030,221,220,1
2031,222,220,2
2032,222,220,2
2033,222,220,2
2034,222,220,2
2035,222,220,2
2036,222,220,2
2037,222,219,3
2038,222,219,3
2039,222,219,3
2040,222,219,3
2041,223,219,3
2042,223,219,4
2043,223,219,4
2044,223,219,4
2045,223,219,4
2046,223,219,4
2047,223,219,5
2048,223,218,5
2049,223,218,5
2050,223,218,5
2051,223,218,5
2052,224,218,6
2053,224,218,6
2054,224,218,6
2055,224,218,6
2056,224,218,6
2057,224,218,6
2058,224,217,7
2059,224,217,7
2060,224,217,7
2061,224,217,7
2062,224,217,7
2063,225,217,8
2064,225,217,8
2065,225,217,8
2066,225,217,8
2067,225,217,8
2068,225,216,9
2069,225,216,9
2070,225,216,9
2071,225,216,9
2072,225,216,9
2073,225,216,9
2074,226,216,10
2075,226,216,10
2076,226,216,10
2077,226,216,10
2078,226,215,10
2079,226,215,11
2080,226,215,11
2081,226,215,11
2082,226,215,11
2083,226,215,11
2084,226,215,12
2085,226,215,12
2086,227,215,12
2087,227,215,12
2088,227,214,12
2089,227,214,13
2090,227,214,13
2091,227,214,13
2092,227,214,13
2093,227,214,13
2094,227,214,13
2095,227,214,14
2096,227,214,14
2097,228,213,14
2098,228,213,14
2099,228,213,14
2100,228,213,15
2101,228,213,15
2102,228,213,15
2103,228,213,15
2104,228,213,15
2105,228,213,16
2106,228,213,16
2107,228,212,16
2108,228,212,16
2109,229,212,16
2110,229,212,16
2111,229,212,17
2112,229,212,17
2113,229,212,17
2114,229,212,17
2115,229,212,17
2116,229,212,18
2117,229,211,18
2118,229,211,18
2119,229,211,18
2120,229,211,18
2121,230,211,19
2122,230,211,19
2123,230,211,19
2124,230,211,19
2125,230,211,19
2126,230,210,19
2127,230,210,20
2128,230,210,20
2129,230,210,20
2130,230,210,20
2131,230,210,20
2132,230,210,21
2133,230,210,21
2134,231,210,21
2135,231,210,21
2136,231,209,21
2137,231,209,22
2138,231,209,22
2139,231,209,22
2140,231,209,22
2141,231,209,22
2142,231,209,22
2143,231,209,23
2144,231,209,23
2145,231,208,23
2146,232,208,23
2147,232,208,23
2148,232,208,24
2149,232,208,24
2150,232,208,24
2151,232,208,24
2152,232,208,24
2153,232,208,24
2154,232,207,25
2155,232,207,25
2156,232,207,25
2157,232,207,25
2158,232,207,25
2159,233,207,26
2160,233,207,26
2161,233,207,26
2162,233,207,26
2163,233,206,26
2164,233,206,27
2165,233,206,27
2166,233,206,27
2167,233,206,27
2168,233,206,27
2169,233,206,27
2170,233,206,28
2171,233,206,28
2172,233,206,28
2173,234,205,28
2174,234,205,28
2175,234,205,29
2176,234,205,29
2177,234,205,29
2178,234,205,29
2179,234,205,29
2180,234,205,29
2181,234,205,30
2182,234,204,30
2183,234,204,30
2184,234,204,30
2185,234,204,30
2186,235,204,31
2187,235,204,31
2188,235,204,31
2189,235,204,31
2190,235,204,31
2191,235,203,31
2192,235,203,32
2193,235,203,32
2194,235,203,32
2195,235,203,32
2196,235,203,32
2197,235,203,33
2198,235,203,33
2199,235,203,33
2200,236,202,33
2201,236,202,33
2202,236,202,33
2203,236,202,34
2204,236,202,34
2205,236,202,34
2206,236,202,34
2207,236,202,34
2208,236,202,35
2209,236,201,35
2210,236,201,35
2211,236,201,35
2212,236,201,35
2213,236,201,35
2214,237,201,36
2215,237,201,36
2216,237,201,36
2217,237,200,36
2218,237,200,36
2219,237,200,37
2220,237,200,37
2221,237,200,37
2222,237,200,37
2223,237,200,37
2224,237,200,37
2225,237,200,38
2226,237,199,38
2227,237,199,38
2228,237,199,38
2229,238,199,38
2230,238,199,39
2231,238,199,39
2232,238,199,39
2233,238,199,39
2234,238,199,39
2235,238,198,39
2236,238,198,40
2237,238,198,40
2238,238,198,40
2239,238,198,40
2240,238,198,40
2241,238,198,41
2242,238,198,41
2243,238,198,41
2244,239,197,41
2245,239,197,41
2246,239,197,41
2247,239,197,42
2248,239,197,42
2249,239,197,42
2250,239,197,42
2251,239,197,42
2252,239,196,43
2253,239,196,43
2254,239,196,43
2255,239,196,43
2256,239,196,43
2257,239,196,43
2258,239,196,44
2259,239,196,44
2260,240,196,44
2261,240,195,44
2262,240,195,44
2263,240,195,45
2264,240,195,45
2265,240,195,45
2266,240,195,45
2267,240,195,45
2268,240,195,45
2269,240,194,46
2270,240,194,46
2271,240,194,46
2272,240,194,46
2273,240,194,46
2274,240,194,46
2275,240,194,47
2276,240,194,47
2277,241,194,47
2278,241,193,47
2279,241,193,47
2280,241,193,48
2281,241,193,48
2282,241,193,48
2283,241,193,48
2284,241,193,48
2285,241,193,48
2286,241,192,49
2287,241,192,49
2288,241,192,49
2289,241,192,49
2290,241,192,49
2291,241,192,50
2292,241,192,50
2293,242,192,50
2294,242,192,50
2295,242,191,50
2296,242,191,50
2297,242,191,51
2298,242,191,51
2299,242,191,51
2300,242,191,51
2301,242,191,51
2302,242,191,51
2303,242,190,52
2304,242,190,52
2305,242,190,52
2306,242,190,52
2307,242,190,52
2308,242,190,53
2309,242,190,53
2310,242,190,53
2311,243,189,53
2312,243,189,53
2313,243,189,53
2314,243,189,54
2315,243,189,54
2316,243,189,54
2317,243,189,54
2318,243,189,54
2319,243,189,54
2320,243,188,55
2321,243,188,55
2322,243,188,55
2323,243,188,55
2324,243,188,55
2325,243,188,56
2326,243,188,56
2327,243,188,56
2328,243,187,56
2329,244,187,56
2330,244,187,56
2331,244,187,57
2332,244,187,57
2333,244,187,57
2334,244,187,57
2335,244,187,57
2336,244,186,57
2337,244,186,58
2338,244,186,58
2339,244,186,58
2340,244,186,58
2341,244,186,58
2342,244,186,58
2343,244,186,59
2344,244,185,59
2345,244,185,59
2346,244,185,59
2347,244,185,59
2348,244,185,60
2349,245,185,60
2350,245,185,60
2351,245,185,60
2352,245,184,60
2353,245,184,60
2354,245,184,61
2355,245,184,61
2356,245,184,61
2357,245,184,61
2358,245,184,61
2359,245,184,61
2360,245,184,62
2361,245,183,62
2362,245,183,62
2363,245,183,62
2364,245,183,62
2365,245,183,62
2366,245,183,63
2367,245,183,63
2368,245,183,63
2369,246,182,63
2370,246,182,63
2371,246,182,63
2372,246,182,64
2373,246,182,64
2374,246,182,64
2375,246,182,64
2376,246,182,64
2377,246,181,65
2378,246,181,65
2379,246,181,65
2380,246,181,65
2381,246,181,65
2382,246,181,65
2383,246,181,66
2384,246,181,66
2385,246,180,66
2386,246,180,66
2387,246,180,66
2388,246,180,66
2389,246,180,67
2390,247,180,67
2391,247,180,67
2392,247,180,67
2393,247,179,67
2394,247,179,67
2395,247,179,68
2396,247,179,68
2397,247,179,68
2398,247,179,68
2399,247,179,68
2400,247,179,68
2401,247,178,69
2402,247,178,69
2403,247,178,69
2404,247,178,69
2405,247,178,69
2406,247,178,69
2407,247,178,70
2408,247,177,70
2409,247,177,70
2410,247,177,70
2411,247,177,70
2412,247,177,70
2413,248,177,71
2414,248,177,71
2415,248,177,71
2416,248,176,71
2417,248,176,71
2418,248,176,72
2419,248,176,72
2420,248,176,72
2421,248,176,72
2422,248,176,72
2423,248,176,72
2424,248,175,73
2425,248,175,73
2426,248,175,73
2427,248,175,73
2428,248,175,73
2429,248,175,73
2430,248,175,74
2431,248,175,74
2432,248,174,74
2433,248,174,74
2434,248,174,74
2435,248,174,74
2436,248,174,75
2437,248,174,75
2438,249,174,75
2439,249,174,75
2440,249,173,75
2441,249,173,75
2442,249,173,76
2443,249,173,76
2444,249,173,76
2445,249,173,76
2446,249,173,76
2447,249,173,76
2448,249,172,77
2449,249,172,77
2450,249,172,77
2451,249,172,77
2452,249,172,77
2453,249,172,77
2454,249,172,78
2455,249,171,78
2456,249,171,78
2457,249,171,78
2458,249,171,78
2459,249,171,78
2460,249,171,79
2461,249,171,79
2462,249,171,79
2463,249,170,79
2464,250,170,79
2465,250,170,79
2466,250,170,80
2467,250,170,80
2468,250,170,80
2469,250,170,80
2470,250,170,80
2471,250,169,80
2472,250,169,81
2473,250,169,81
2474,250,169,81
2475,250,169,81
2476,250,169,81
2477,250,169,81
2478,250,169,82
2479,250,168,82
2480,250,168,82
2481,250,168,82
2482,250,168,82
2483,250,168,82
2484,250,168,82
2485,250,168,83
2486,250,167,83
2487,250,167,83
2488,250,167,83
2489,250,167,83
2490,250,167,83
2491,250,167,84
2492,250,167,84
2493,251,167,84
2494,251,166,84
2495,251,166,84
2496,251,166,84
2497,251,166,85
2498,251,166,85
2499,251,166,85
2500,251,166,85
2501,251,165,85
2502,251,165,85
2503,251,165,86
2504,251,165,86
2505,251,165,86
2506,251,165,86
2507,251,165,86
2508,251,165,86
2509,251,164,87
2510,251,164,87
2511,251,164,87
2512,251,164,87
2513,251,164,87
2514,251,164,87
2515,251,164,88
2516,251,164,88
2517,251,163,88
2518,251,163,88
2519,251,163,88
2520,251,163,88
2521,251,163,89
2522,251,163,89
2523,251,163,89
2524,251,162,89
2525,251,162,89
2526,252,162,89
2527,252,162,89
2528,252,162,90
2529,252,162,90
2530,252,162,90
2531,252,162,90
2532,252,161,90
2533,252,161,90
2534,252,161,91
2535,252,161,91
2536,252,161,91
2537,252,161,91
2538,252,161,91
2539,252,160,91
2540,252,160,92
2541,252,160,92
2542,252,160,92
2543,252,160,92
2544,252,160,92
2545,252,160,92
2546,252,160,93
2547,252,159,93
2548,252,159,93
2549,252,159,93
2550,252,159,93
2551,252,159,93
2552,252,159,93
2553,252,159,94
2554,252,158,94
2555,252,158,94
2556,252,158,94
2557,252,158,94
2558,252,158,94
2559,252,158,95
2560,252,158,95
2561,252,158,95
2562,252,157,95
2563,252,157,95
2564,252,157,95
2565,253,157,96
2566,253,157,96
2567,253,157,96
2568,253,157,96
2569,253,156,96
2570,253,156,96
2571,253,156,96
2572,253,156,97
2573,253,156,97
2574,253,156,97
2575,253,156,97
2576,253,156,97
2577,253,155,97
2578,253,155,98
2579,253,155,98
2580,253,155,98
2581,253,155,98
2582,253,155,98
2583,253,155,98
2584,253,154,99
2585,253,154,99
2586,253,154,99
2587,253,154,99
2588,253,154,99
2589,253,154,99
2590,253,154,99
2591,253,153,100
2592,253,153,100
2593,253,153,100
2594,253,153,100
2595,253,153,100
2596,253,153,100
2597,253,153,101
2598,253,153,101
2599,253,152,101
2600,253,152,101
2601,253,152,101
2602,253,152,101
2603,253,152,101
2604,253,152,102
2605,253,152,102
2606,253,151,102
2607,253,151,102
2608,253,151,102
2609,253,151,102
2610,253,151,103
2611,253,151,103
2612,254,151,103
2613,254,151,103
2614,254,150,103
2615,254,150,103
2616,254,150,103
2617,254,150,104
2618,254,150,104
2619,254,150,104
2620,254,150,104
2621,254,149,104
2622,254,149,104
2623,254,149,105
2624,254,149,105
2625,254,149,105
2626,254,149,105
2627,254,149,105
2628,254,148,105
2629,254,148,105
2630,254,148,106
2631,254,148,106
2632,254,148,106
2633,254,148,106
2634,254,148,106
2635,254,148,106
2636,254,147,107
2637,254,147,107
2638,254,147,107
2639,254,147,107
2640,254,147,107
2641,254,147,107
2642,254,147,107
2643,254,146,108
2644,254,146,108
2645,254,146,108
2646,254,146,108
2647,254,146,108
2648,254,146,108
2649,254,146,108
2650,254,145,109
2651,254,145,109
2652,254,145,109
2653,254,145,109
2654,254,145,109
2655,254,145,109
2656,254,145,110
2657,254,145,110
2658,254,144,110
2659,254,144,110
2660,254,144,110
2661,254,144,110
2662,254,144,110
2663,254,144,111
2664,254,144,111
2665,254,143,111
2666,254,143,111
2667,254,143,111
2668,254,143,111
2669,254,143,111
2670,254,143,112
2671,254,143,112
2672,254,142,112
2673,254,142,112
2674,254,142,112
2675,254,142,112
2676,254,142,113
2677,254,142,113
2678,254,142,113
2679,254,141,113
2680,254,141,113
2681,254,141,113
2682,254,141,113
2683,255,141,114
2684,255,141,114
2685,255,141,114
2686,255,141,114
2687,255,140,114
2688,255,140,114
2689,255,140,114
2690,255,140,115
2691,255,140,115
2692,255,140,115
2693,255,140,115
2694,255,139,115
2695,255,139,115
2696,255,139,115
2697,255,139,116
2698,255,139,116
2699,255,139,116
2700,255,139,116
2701,255,138,116
2702,255,138,116
2703,255,138,117
2704,255,138,117
2705,255,138,117
2706,255,138,117
2707,255,138,117
2708,255,137,117
2709,255,137,117
2710,255,137,118
2711,255,137,118
2712,255,137,118
2713,255,137,118
2714,255,137,118
2715,255,137,118
2716,255,136,118
2717,255,136,119
2718,255,136,119
2719,255,136,119
2720,255,136,119
2721,255,136,119
2722,255,136,119
2723,255,135,119
2724,255,135,120
2725,255,135,120
2726,255,135,120
2727,255,135,120
2728,255,135,120
2729,255,135,120
2730,255,134,120
2731,255,134,121
2732,255,134,121
2733,255,134,121
2734,255,134,121
2735,255,134,121
2736,255,134,121
2737,255,133,121
2738,255,133,122
2739,255,133,122
2740,255,133,122
2741,255,133,122
2742,255,133,122
2743,255,133,122
2744,255,132,122
2745,255,132,123
2746,255,132,123
2747,255,132,123
2748,255,132,123
2749,255,132,123
2750,255,132,123
2751,255,132,123
2752,255,131,124
2753,255,131,124
2754,255,131,124
2755,255,131,124
2756,255,131,124
2757,255,131,124
2758,255,131,124
2759,255,130,125
2760,255,130,125
2761,255,130,125
2762,255,130,125
2763,255,130,125
2764,255,130,125
2765,255,130,125
2766,255,129,126
2767,255,129,126
2768,255,129,126
2769,255,129,126
2770,255,129,126
2771,255,129,126
2772,255,129,126
2773,255,128,127
2774,255,128,127
2775,255,128,127
2776,255,128,127
2777,255,128,127
2778,255,128,127
2779,255,128,127
2780,255,127,128
2781,255,127,128
2782,255,127,128
2783,255,127,128
2784,255,127,128
2785,255,127,128
2786,255,127,128
2787,255,126,129
2788,255,126,129
2789,255,126,129
2790,255,126,129
2791,255,126,129
2792,255,126,129
2793,255,126,129
2794,255,125,129
2795,255,125,130
2796,255,125,130
2797,255,125,130
2798,255,125,130
2799,255,125,130
2800,255,125,130
2801,255,125,130
2802,255,124,131
2803,255,124,131
2804,255,124,131
2805,255,124,131
2806,255,124,131
2807,255,124,131
2808,255,124,131
2809,255,123,132
2810,255,123,132
2811,255,123,132
2812,255,123,132
2813,255,123,132
2814,255,123,132
2815,255,123,132
2816,255,122,133
2817,255,122,133
2818,255,122,133
2819,255,122,133
2820,255,122,133
2821,255,122,133
2822,255,122,133
2823,255,121,133
2824,255,121,134
2825,255,121,134
2826,255,121,134
2827,255,121,134
2828,255,121,134
2829,255,121,134
2830,255,120,134
2831,255,120,135
2832,255,120,135
2833,255,120,135
2834,255,120,135
2835,255,120,135
2836,255,120,135
2837,255,119,135
2838,255,119,136
2839,255,119,136
2840,255,119,136
2841,255,119,136
2842,255,119,136
2843,255,119,136
2844,255,118,136
2845,255,118,136
2846,255,118,137
2847,255,118,137
2848,255,118,137
2849,255,118,137
2850,255,118,137
2851,255,117,137
2852,255,117,137
2853,255,117,138
2854,255,117,138
2855,255,117,138
2856,255,117,138
2857,255,117,138
2858,255,117,138
2859,255,116,138
2860,255,116,138
2861,255,116,139
2862,255,116,139
2863,255,116,139
2864,255,116,139
2865,255,116,139
2866,255,115,139
2867,255,115,139
2868,255,115,140
2869,255,115,140
2870,255,115,140
2871,255,115,140
2872,255,115,140
2873,255,114,140
2874,255,114,140
2875,255,114,140
2876,255,114,141
2877,255,114,141
2878,255,114,141
2879,255,114,141
2880,254,113,141
2881,254,113,141
2882,254,113,141
2883,254,113,141
2884,254,113,142
2885,254,113,142
2886,254,113,142
2887,254,112,142
2888,254,112,142
2889,254,112,142
2890,254,112,142
2891,254,112,143
2892,254,112,143
2893,254,112,143
2894,254,111,143
2895,254,111,143
2896,254,111,143
2897,254,111,143
2898,254,111,143
2899,254,111,144
2900,254,111,144
2901,254,110,144
2902,254,110,144
2903,254,110,144
2904,254,110,144
2905,254,110,144
2906,254,110,144
2907,254,110,145
2908,254,109,145
2909,254,109,145
2910,254,109,145
2911,254,109,145
2912,254,109,145
2913,254,109,145
2914,254,109,145
2915,254,108,146
2916,254,108,146
2917,254,108,146
2918,254,108,146
2919,254,108,146
2920,254,108,146
2921,254,108,146
2922,254,107,147
2923,254,107,147
2924,254,107,147
2925,254,107,147
2926,254,107,147
2927,254,107,147
2928,254,107,147
2929,254,107,147
2930,254,106,148
2931,254,106,148
2932,254,106,148
2933,254,106,148
2934,254,106,148
2935,254,106,148
2936,254,106,148
2937,254,105,148
2938,254,105,149
2939,254,105,149
2940,254,105,149
2941,254,105,149
2942,254,105,149
2943,254,105,149
2944,254,104,149
2945,254,104,149
2946,254,104,150
2947,254,104,150
2948,254,104,150
2949,254,104,150
2950,254,104,150
2951,254,103,150
2952,254,103,150
2953,254,103,150
2954,254,103,151
2955,254,103,151
2956,253,103,151
2957,253,103,151
2958,253,102,151
2959,253,102,151
2960,253,102,151
2961,253,102,151
2962,253,102,152
2963,253,102,152
2964,253,102,152
2965,253,101,152
2966,253,101,152
2967,253,101,152
2968,253,101,152
2969,253,101,152
2970,253,101,153
2971,253,101,153
2972,253,100,153
2973,253,100,153
2974,253,100,153
2975,253,100,153
2976,253,100,153
2977,253,100,153
2978,253,100,153
2979,253,99,154
2980,253,99,154
2981,253,99,154
2982,253,99,154
2983,253,99,154
2984,253,99,154
2985,253,99,154
2986,253,98,154
2987,253,98,155
2988,253,98,155
2989,253,98,155
2990,253,98,155
2991,253,98,155
2992,253,98,155
2993,253,97,155
2994,253,97,155
2995,253,97,156
2996,253,97,156
2997,253,97,156
2998,253,97,156
2999,253,97,156
3000,253,97,156
3001,253,96,156
3002,253,96,156
3003,253,96,157
3004,253,96,157
3005,253,96,157
3006,253,96,157
3007,253,96,157
3008,252,95,157
3009,252,95,157
3010,252,95,157
3011,252,95,157
3012,252,95,158
3013,252,95,158
3014,252,95,158
3015,252,94,158
3016,252,94,158
3017,252,94,158
3018,252,94,158
3019,252,94,158
3020,252,94,159
3021,252,94,159
3022,252,93,159
3023,252,93,159
3024,252,93,159
3025,252,93,159
3026,252,93,159
3027,252,93,159
3028,252,93,159
3029,252,92,160
3030,252,92,160
3031,252,92,160
3032,252,92,160
3033,252,92,160
3034,252,92,160
3035,252,92,160
3036,252,91,160
3037,252,91,161
3038,252,91,161
3039,252,91,161
3040,252,91,161
3041,252,91,161
3042,252,91,161
3043,252,90,161
3044,252,90,161
3045,252,90,161
3046,252,90,162
3047,252,90,162
3048,252,90,162
3049,252,90,162
3050,252,89,162
3051,252,89,162
3052,251,89,162
3053,251,89,162
3054,251,89,163
3055,251,89,163
3056,251,89,163
3057,251,89,163
3058,251,88,163
3059,251,88,163
3060,251,88,163
3061,251,88,163
3062,251,88,163
3063,251,88,164
3064,251,88,164
3065,251,87,164
3066,251,87,164
3067,251,87,164
3068,251,87,164
3069,251,87,164
3070,251,87,164
3071,251,87,164
3072,251,86,165
3073,251,86,165
3074,251,86,165
3075,251,86,165
3076,251,86,165
3077,251,86,165
3078,251,86,165
3079,251,85,165
3080,251,85,165
3081,251,85,166
3082,251,85,166
3083,251,85,166
3084,251,85,166
3085,251,85,166
3086,251,84,166
3087,251,84,166
3088,251,84,166
3089,251,84,166
3090,250,84,167
3091,250,84,167
3092,250,84,167
3093,250,83,167
3094,250,83,167
3095,250,83,167
3096,250,83,167
3097,250,83,167
3098,250,83,167
3099,250,83,168
3100,250,83,168
3101,250,82,168
3102,250,82,168
3103,250,82,168
3104,250,82,168
3105,250,82,168
3106,250,82,168
3107,250,82,168
3108,250,81,169
3109,250,81,169
3110,250,81,169
3111,250,81,169
3112,250,81,169
3113,250,81,169
3114,250,81,169
3115,250,80,169
3116,250,80,169
3117,250,80,170
3118,250,80,170
3119,250,80,170
3120,250,80,170
3121,250,80,170
3122,250,79,170
3123,250,79,170
3124,250,79,170
3125,249,79,170
3126,249,79,171
3127,249,79,171
3128,249,79,171
3129,249,78,171
3130,249,78,171
3131,249,78,171
3132,249,78,171
3133,249,78,171
3134,249,78,171
3135,249,78,172
3136,249,78,172
3137,249,77,172
3138,249,77,172
3139,249,77,172
3140,249,77,172
3141,249,77,172
3142,249,77,172
3143,249,77,172
3144,249,76,172
3145,249,76,173
3146,249,76,173
3147,249,76,173
3148,249,76,173
3149,249,76,173
3150,249,76,173
3151,249,75,173
3152,249,75,173
3153,249,75,173
3154,249,75,174
3155,249,75,174
3156,249,75,174
3157,248,75,174
3158,248,74,174
3159,248,74,174
3160,248,74,174
3161,248,74,174
3162,248,74,174
3163,248,74,174
3164,248,74,175
3165,248,74,175
3166,248,73,175
3167,248,73,175
3168,248,73,175
3169,248,73,175
3170,248,73,175
3171,248,73,175
3172,248,73,175
3173,248,72,176
3174,248,72,176
3175,248,72,176
3176,248,72,176
3177,248,72,176
3178,248,72,176
3179,248,72,176
3180,248,71,176
3181,248,71,176
3182,248,71,176
3183,248,71,177
3184,248,71,177
3185,248,71,177
3186,248,71,177
3187,247,70,177
3188,247,70,177
3189,247,70,177
3190,247,70,177
3191,247,70,177
3192,247,70,177
3193,247,70,178
3194,247,70,178
3195,247,69,178
3196,247,69,178
3197,247,69,178
3198,247,69,178
3199,247,69,178
3200,247,69,178
3201,247,69,178
3202,247,68,179
3203,247,68,179
3204,247,68,179
3205,247,68,179
3206,247,68,179
3207,247,68,179
3208,247,68,179
3209,247,67,179
3210,247,67,179
3211,247,67,179
3212,247,67,180
3213,247,67,180
3214,247,67,180
3215,246,67,180
3216,246,67,180
3217,246,66,180
3218,246,66,180
3219,246,66,180
3220,246,66,180
3221,246,66,180
3222,246,66,181
3223,246,66,181
3224,246,65,181
3225,246,65,181
3226,246,65,181
3227,246,65,181
3228,246,65,181
3229,246,65,181
3230,246,65,181
3231,246,64,181
3232,246,64,182
3233,246,64,182
3234,246,64,182
3235,246,64,182
3236,246,64,182
3237,246,64,182
3238,246,64,182
3239,246,63,182
3240,246,63,182
3241,246,63,182
3242,245,63,182
3243,245,63,183
3244,245,63,183
3245,245,63,183
3246,245,62,183
3247,245,62,183
3248,245,62,183
3249,245,62,183
3250,245,62,183
3251,245,62,183
3252,245,62,183
3253,245,62,184
3254,245,61,184
3255,245,61,184
3256,245,61,184
3257,245,61,184
3258,245,61,184
3259,245,61,184
3260,245,61,184
3261,245,60,184
3262,245,60,184
3263,245,60,185
3264,245,60,185
3265,245,60,185
3266,245,60,185
3267,245,60,185
3268,244,59,185
3269,244,59,185
3270,244,59,185
3271,244,59,185
3272,244,59,185
3273,244,59,185
3274,244,59,186
3275,244,59,186
3276,244,58,186
3277,244,58,186
3278,244,58,186
3279,244,58,186
3280,244,58,186
3281,244,58,186
3282,244,58,186
3283,244,57,186
3284,244,57,187
3285,244,57,187
3286,244,57,187
3287,244,57,187
3288,244,57,187
3289,244,57,187
3290,244,57,187
3291,244,56,187
3292,244,56,187
3293,243,56,187
3294,243,56,187
3295,243,56,188
3296,243,56,188
3297,243,56,188
3298,243,55,188
3299,243,55,188
3300,243,55,188
3301,243,55,188
3302,243,55,188
3303,243,55,188
3304,243,55,188
3305,243,55,188
3306,243,54,189
3307,243,54,189
3308,243,54,189
3309,243,54,189
3310,243,54,189
3311,243,54,189
3312,243,54,189
3313,243,53,189
3314,243,53,189
3315,243,53,189
3316,243,53,189
3317,243,53,190
3318,242,53,190
3319,242,53,190
3320,242,53,190
3321,242,52,190
3322,242,52,190
3323,242,52,190
3324,242,52,190
3325,242,52,190
3326,242,52,190
3327,242,52,190
3328,242,52,191
3329,242,51,191
3330,242,51,191
3331,242,51,191
3332,242,51,191
3333,242,51,191
3334,242,51,191
3335,242,51,191
3336,242,50,191
3337,242,50,191
3338,242,50,191
3339,242,50,192
3340,242,50,192
3341,241,50,192
3342,241,50,192
3343,241,50,192
3344,241,49,192
3345,241,49,192
3346,241,49,192
3347,241,49,192
3348,241,49,192
3349,241,49,192
3350,241,49,192
3351,241,49,193
3352,241,48,193
3353,241,48,193
3354,241,48,193
3355,241,48,193
3356,241,48,193
3357,241,48,193
3358,241,48,193
3359,241,47,193
3360,241,47,193
3361,241,47,193
3362,241,47,194
3363,241,47,194
3364,240,47,194
3365,240,47,194
3366,240,47,194
3367,240,46,194
3368,240,46,194
3369,240,46,194
3370,240,46,194
3371,240,46,194
3372,240,46,194
3373,240,46,194
3374,240,46,195
3375,240,45,195
3376,240,45,195
3377,240,45,195
3378,240,45,195
3379,240,45,195
3380,240,45,195
3381,240,45,195
3382,240,44,195
3383,240,44,195
3384,240,44,195
3385,240,44,195
3386,240,44,196
3387,239,44,196
3388,239,44,196
3389,239,44,196
3390,239,43,196
3391,239,43,196
3392,239,43,196
3393,239,43,196
3394,239,43,196
3395,239,43,196
3396,239,43,196
3397,239,43,196
3398,239,42,197
3399,239,42,197
3400,239,42,197
3401,239,42,197
3402,239,42,197
3403,239,42,197
3404,239,42,197
3405,239,42,197
3406,239,41,197
3407,239,41,197
3408,239,41,197
3409,238,41,197
3410,238,41,198
3411,238,41,198
3412,238,41,198
3413,238,41,198
3414,238,40,198
3415,238,40,198
3416,238,40,198
3417,238,40,198
3418,238,40,198
3419,238,40,198
3420,238,40,198
3421,238,40,198
3422,238,39,198
3423,238,39,199
3424,238,39,199
3425,238,39,199
3426,238,39,199
3427,238,39,199
3428,238,39,199
3429,238,38,199
3430,238,38,199
3431,237,38,199
3432,237,38,199
3433,237,38,199
3434,237,38,199
3435,237,38,200
3436,237,38,200
3437,237,37,200
3438,237,37,200
3439,237,37,200
3440,237,37,200
3441,237,37,200
3442,237,37,200
3443,237,37,200
3444,237,37,200
3445,237,36,200
3446,237,36,200
3447,237,36,200
3448,237,36,201
3449,237,36,201
3450,237,36,201
3451,237,36,201
3452,236,36,201
3453,236,35,201
3454,236,35,201
3455,236,35,201
3456,236,35,201
3457,236,35,201
3458,236,35,201
3459,236,35,201
3460,236,35,201
3461,236,34,202
3462,236,34,202
3463,236,34,202
3464,236,34,202
3465,236,34,202
3466,236,34,202
3467,236,34,202
3468,236,34,202
3469,236,34,202
3470,236,33,202
3471,236,33,202
3472,236,33,202
3473,235,33,202
3474,235,33,203
3475,235,33,203
3476,235,33,203
3477,235,33,203
3478,235,32,203
3479,235,32,203
3480,235,32,203
3481,235,32,203
3482,235,32,203
3483,235,32,203
3484,235,32,203
3485,235,32,203
3486,235,31,203
3487,235,31,204
3488,235,31,204
3489,235,31,204
3490,235,31,204
3491,235,31,204
3492,235,31,204
3493,235,31,204
3494,234,30,204
3495,234,30,204
3496,234,30,204
3497,234,30,204
3498,234,30,204
3499,234,30,204
3500,234,30,204
3501,234,30,205
3502,234,29,205
3503,234,29,205
3504,234,29,205
3505,234,29,205
3506,234,29,205
3507,234,29,205
3508,234,29,205
3509,234,29,205
3510,234,29,205
3511,234,28,205
3512,234,28,205
3513,234,28,205
3514,234,28,205
3515,233,28,206
3516,233,28,206
3517,233,28,206
3518,233,28,206
3519,233,27,206
3520,233,27,206
3521,233,27,206
3522,233,27,206
3523,233,27,206
3524,233,27,206
3525,233,27,206
3526,233,27,206
3527,233,26,206
3528,233,26,206
3529,233,26,207
3530,233,26,207
3531,233,26,207
3532,233,26,207
3533,233,26,207
3534,233,26,207
3535,232,26,207
3536,232,25,207
3537,232,25,207
3538,232,25,207
3539,232,25,207
3540,232,25,207
3541,232,25,207
3542,232,25,207
3543,232,25,208
3544,232,24,208
3545,232,24,208
3546,232,24,208
3547,232,24,208
3548,232,24,208
3549,232,24,208
3550,232,24,208
3551,232,24,208
3552,232,24,208
3553,232,23,208
3554,232,23,208
3555,232,23,208
3556,231,23,208
3557,231,23,208
3558,231,23,209
3559,231,23,209
3560,231,23,209
3561,231,23,209
3562,231,22,209
3563,231,22,209
3564,231,22,209
3565,231,22,209
3566,231,22,209
3567,231,22,209
3568,231,22,209
3569,231,22,209
3570,231,21,209
3571,231,21,209
3572,231,21,209
3573,231,21,210
3574,231,21,210
3575,231,21,210
3576,230,21,210
3577,230,21,210
3578,230,21,210
3579,230,20,210
3580,230,20,210
3581,230,20,210
3582,230,20,210
3583,230,20,210
3584,230,20,210
3585,230,20,210
3586,230,20,210
3587,230,20,210
3588,230,19,210
3589,230,19,211
3590,230,19,211
3591,230,19,211
3592,230,19,211
3593,230,19,211
3594,230,19,211
3595,230,19,211
3596,230,19,211
3597,229,18,211
3598,229,18,211
3599,229,18,211
3600,229,18,211
3601,229,18,211
3602,229,18,211
3603,229,18,211
3604,229,18,211
3605,229,18,212
3606,229,17,212
3607,229,17,212
3608,229,17,212
3609,229,17,212
3610,229,17,212
3611,229,17,212
3612,229,17,212
3613,229,17,212
3614,229,17,212
3615,229,16,212
3616,229,16,212
3617,228,16,212
3618,228,16,212
3619,228,16,212
3620,228,16,212
3621,228,16,213
3622,228,16,213
3623,228,16,213
3624,228,15,213
3625,228,15,213
3626,228,15,213
3627,228,15,213
3628,228,15,213
3629,228,15,213
3630,228,15,213
3631,228,15,213
3632,228,15,213
3633,228,14,213
3634,228,14,213
3635,228,14,213
3636,228,14,213
3637,228,14,213
3638,227,14,214
3639,227,14,214
3640,227,14,214
3641,227,14,214
3642,227,14,214
3643,227,13,214
3644,227,13,214
3645,227,13,214
3646,227,13,214
3647,227,13,214
3648,227,13,214
3649,227,13,214
3650,227,13,214
3651,227,13,214
3652,227,12,214
3653,227,12,214
3654,227,12,214
3655,227,12,215
3656,227,12,215
3657,227,12,215
3658,227,12,215
3659,226,12,215
3660,226,12,215
3661,226,12,215
3662,226,11,215
3663,226,11,215
3664,226,11,215
3665,226,11,215
3666,226,11,215
3667,226,11,215
3668,226,11,215
3669,226,11,215
3670,226,11,215
3671,226,10,215
3672,226,10,215
3673,226,10,216
3674,226,10,216
3675,226,10,216
3676,226,10,216
3677,226,10,216
3678,226,10,216
3679,226,10,216
3680,225,10,216
3681,225,9,216
3682,225,9,216
3683,225,9,216
3684,225,9,216
3685,225,9,216
3686,225,9,216
3687,225,9,216
3688,225,9,216
3689,225,9,216
3690,225,9,216
3691,225,8,216
3692,225,8,217
3693,225,8,217
3694,225,8,217
3695,225,8,217
3696,225,8,217
3697,225,8,217
3698,225,8,217
3699,225,8,217
3700,225,8,217
3701,225,8,217
3702,224,7,217
3703,224,7,217
3704,224,7,217
3705,224,7,217
3706,224,7,217
3707,224,7,217
3708,224,7,217
3709,224,7,217
3710,224,7,217
3711,224,7,217
3712,224,6,218
3713,224,6,218
3714,224,6,218
3715,224,6,218
3716,224,6,218
3717,224,6,218
3718,224,6,218
3719,224,6,218
3720,224,6,218
3721,224,6,218
3722,224,6,218
3723,224,5,218
3724,223,5,218
3725,223,5,218
3726,223,5,218
3727,223,5,218
3728,223,5,218
3729,223,5,218
3730,223,5,218
3731,223,5,218
3732,223,5,218
3733,223,5,219
3734,223,4,219
3735,223,4,219
3736,223,4,219
3737,223,4,219
3738,223,4,219
3739,223,4,219
3740,223,4,219
3741,223,4,219
3742,223,4,219
3743,223,4,219
3744,223,4,219
3745,223,4,219
3746,223,3,219
3747,222,3,219
3748,222,3,219
3749,222,3,219
3750,222,3,219
3751,222,3,219
3752,222,3,219
3753,222,3,219
3754,222,3,219
3755,222,3,219
3756,222,3,220
3757,222,3,220
3758,222,2,220
3759,222,2,220
3760,222,2,220
3761,222,2,220
3762,222,2,220
3763,222,2,220
3764,222,2,220
3765,222,2,220
3766,222,2,220
3767,222,2,220
3768,222,2,220
3769,222,2,220
3770,222,2,220
3771,222,1,220
3772,222,1,220
3773,221,1,220
3774,221,1,220
3775,221,1,220
3776,221,1,220
3777,221,1,220
3778,221,1,220
3779,221,1,220
3780,221,1,220
3781,221,1,220
3782,221,1,220
3783,221,1,221
3784,221,1,221
3785,221,1,221
3786,221,0,221
3787,221,0,221
3788,221,0,221
3789,221,0,221
3790,221,0,221
3791,221,0,221
3792,221,0,221
3793,221,0,221
3794,221,0,221
3795,221,0,221
3796,221,1,221
3797,221,2,221
3798,221,3,221
3799,221,3,221
3800,221,4,221
3801,222,5,222
3802,222,6,222
3803,222,7,222
3804,222,8,222
3805,222,8,222
3806,222,9,222
3807,222,10,222
3808,222,11,222
3809,222,12,222
3810,223,13,223
3811,223,14,223
3812,223,14,223
3813,223,15,223
3814,223,16,223
3815,223,17,223
3816,223,18,223
3817,223,19,223
3818,223,20,223
3819,224,20,224
3820,224,21,224
3821,224,22,224
3822,224,23,224
3823,224,24,224
3824,224,25,224
3825,224,26,224
3826,224,26,224
3827,224,27,224
3828,225,28,225
3829,225,29,225
3830,225,30,225
3831,225,31,225
3832,225,31,225
3833,225,32,225
3834,225,33,225
3835,225,34,225
3836,226,35,226
3837,226,36,226
3838,226,37,226
3839,226,37,226
3840,226,38,226
3841,226,39,226
3842,226,40,226
3843,226,41,226
3844,226,42,226
3845,227,42,227
3846,227,43,227
3847,227,44,227
3848,227,45,227
3849,227,46,227
3850,227,47,227
3851,227,48,227
3852,227,48,227
3853,227,49,227
3854,228,50,228
3855,228,51,228
3856,228,52,228
3857,228,53,228
3858,228,54,228
3859,228,54,228
3860,228,55,228
3861,228,56,228
3862,228,57,228
3863,229,58,229
3864,229,59,229
3865,229,59,229
3866,229,60,229
3867,229,61,229
3868,229,62,229
3869,229,63,229
3870,229,64,229
3871,229,65,229
3872,230,65,230
3873,230,66,230
3874,230,67,230
3875,230,68,230
3876,230,69,230
3877,230,70,230
3878,230,71,230
3879,230,71,230
3880,231,72,231
3881,231,73,231
3882,231,74,231
3883,231,75,231
3884,231,76,231
3885,231,77,231
3886,231,77,231
3887,231,78,231
3888,231,79,231
3889,232,80,232
3890,232,81,232
3891,232,82,232
3892,232,82,232
3893,232,83,232
3894,232,84,232
3895,232,85,232
3896,232,86,232
3897,232,87,232
3898,233,88,233
3899,233,88,233
3900,233,89,233
3901,233,90,233
3902,233,91,233
3903,233,92,233
3904,233,93,233
3905,233,93,233
3906,233,94,233
3907,234,95,234
3908,234,96,234
3909,234,97,234
3910,234,98,234
3911,234,99,234
3912,234,99,234
3913,234,100,234
3914,234,101,234
3915,235,102,235
3916,235,103,235
3917,235,104,235
3918,235,105,235
3919,235,105,235
3920,235,106,235
3921,235,107,235
3922,235,108,235
3923,235,109,235
3924,236,110,236
3925,236,111,236
3926,236,111,236
3927,236,112,236
3928,236,113,236
3929,236,114,236
3930,236,115,236
3931,236,116,236
3932,236,116,236
3933,237,117,237
3934,237,118,237
3935,237,119,237
3936,237,120,237
3937,237,121,237
3938,237,122,237
3939,237,122,237
3940,237,123,237
3941,237,124,237
3942,238,125,238
3943,238,126,238
3944,238,127,238
3945,238,128,238
3946,238,128,238
3947,238,129,238
3948,238,130,238
3949,238,131,238
3950,238,132,238
3951,239,133,239
3952,239,133,239
3953,239,134,239
3954,239,135,239
3955,239,136,239
3956,239,137,239
3957,239,138,239
3958,239,139,239
3959,240,139,240
3960,240,140,240
3961,240,141,240
3962,240,142,240
3963,240,143,240
3964,240,144,240
3965,240,145,240
3966,240,145,240
3967,240,146,240
3968,241,147,241
3969,241,148,241
3970,241,149,241
3971,241,150,241
3972,241,150,241
3973,241,151,241
3974,241,152,241
3975,241,153,241
3976,241,154,241
3977,242,155,242
3978,242,156,242
3979,242,156,242
3980,242,157,242
3981,242,158,242
3982,242,159,242
3983,242,160,242
3984,242,161,242
3985,242,162,242
3986,243,162,243
3987,243,163,243
3988,243,164,243
3989,243,165,243
3990,243,166,243
3991,243,167,243
3992,243,167,243
3993,243,168,243
3994,243,169,243
3995,244,170,244
3996,244,171,244
3997,244,172,244
3998,244,173,244
3999,244,173,244
4000,244,174,244
4001,244,175,244
4002,244,176,244
4003,245,177,245
4004,245,178,245
4005,245,179,245
4006,245,179,245
4007,245,180,245
4008,245,181,245
4009,245,182,245
4010,245,183,245
4011,245,184,245
4012,246,184,246
4013,246,185,246
4014,246,186,246
4015,246,187,246
4016,246,188,246
4017,246,189,246
4018,246,190,246
4019,246,190,246
4020,246,191,246
4021,247,192,247
4022,247,193,247
4023,247,194,247
4024,247,195,247
4025,247,196,247
4026,247,196,247
4027,247,197,247
4028,247,198,247
4029,247,199,247
4030,248,200,248
4031,248,201,248
4032,248,201,248
4033,248,202,248
4034,248,203,248
4035,248,204,248
4036,248,205,248
4037,248,206,248
4038,249,207,249
4039,249,207,249
4040,249,208,249
4041,249,209,249
4042,249,210,249
4043,249,211,249
4044,249,212,249
4045,249,213,249
4046,249,213,249
4047,250,214,250
4048,250,215,250
4049,250,216,250
4050,250,217,250
4051,250,218,250
4052,250,218,250
4053,250,219,250
4054,250,220,250
4055,250,221,250
4056,251,222,251
4057,251,223,251
4058,251,224,251
4059,251,224,251
4060,251,225,251
4061,251,226,251
4062,251,227,251
4063,251,228,251
4064,251,229,251
4065,252,230,252
4066,252,230,252
4067,252,231,252
4068,252,232,252
4069,252,233,252
4070,252,234,252
4071,252,235,252
4072,252,235,252
4073,252,236,252
4074,253,237,253
4075,253,238,253
4076,253,239,253
4077,253,240,253
4078,253,241,253
4079,253,241,253
4080,253,242,253
4081,253,243,253
4082,254,244,254
4083,254,245,254
4084,254,246,254
4085,254,247,254
4086,254,247,254
4087,254,248,254
4088,254,249,254
4089,254,250,254
4090,254,251,254
4091,255,252,255
4092,255,252,255
4093,255,253,255
4094,255,254,255
4095,255,255,255
